Chips,Cooldrinks,Chocolates,Pies,Fruit,Cupcakes,Veggies,Cereals,Clothes ,Beers,Vehicles,Cellphones
Simba,Coke,Cadbury,Pepper Steak,Pear,vanilla,spinach,Kellogs Corn Flakes,Zara,Castle Lite,Vw,Samsung
Lays,Fanta,Tex,Chicken,Apple,chocolate,cabbage,Bokomo Weet Bix,Cucci,Astel Larger ,BMW,Apple
Fritos, Pepsi cola,Lindt, Chicken and mushroom pie,Orange,cheesecake,Broccoli,Jungle Oats ,Adidas,Miller,Daimler Benz,Huiwei
Doritos,Moutain Dew,kit Kat,Apple Pie,Banana,Ginger Chocolate,Carrots,JUNGLE Muesli Granola,Nike,Carling Black Label,Aston Martin,Motorola
Pringles,Jive,Milky Way,Caramel tart,Grapes,Red Velt,Beetroot,Future Life,Levis,Corona,Toyota,Nokia
,Pepper Soda.,Ferrero Rocher,Cheesecake pies,PineApple,Cadbury fingers,Onions,Smart Food Chocolate,Puma,Flying Fish,Nissan,BlackBerry
, Red Bull,Guylian,Lemon Meringue Pie.,Leach,Amasi Scone,Tomatoes,Kellogs Corn Flakes,Stone Harber,,Chevrolet,
,Nestlé S.A,Ghirardelli,Pumpkin Pie.,mangoes,,Beans,Coco Pops Choco,Timbaland,,Mazda,
,Tropicana,Hershey's,Pecan Pie. ...,avocados.,,Potoes,Bar-One Cereal,,,Opel Corsa,
,,,,,,,Ace Instant Porridge,,,Audi,
